, camera iphone crud .
rt people n't understand galaxy s7 better camera iphone
perfect optical zoom .
apple iphone 5 - 16gb - white & amp ; silver ( factory unlocked ) smartphone : :
excellent condition 9.8\/10 | iphone 5 16gb silver ( unlocked ) : :
rt want phone : iphone 's camera samsung 's memory nokia 's battery blackberry 's secure system sony's\u2026
safe say trailer better iphone camera , sleep-deprived attempt bts lta : via
apple iphone 4 ( 16gb ) white | & amp ; | as-is** : :
rt imagine phone : iphone 's camera\n\u2022 samsung 's memory\n\u2022 nokia 's battery\n\u2022 blackberry 's secure system\n\u2022 son\u2026
unlocked apple iphone 5s 16gb space gray verizon smartphone : :
r-just ip68 waterproof diving aluminum metal case cover iphone 6 6s silver : :
apple iphone 5s - 64gb - space gray ( verizon ) smartphone : :
m-edge ip6-gl-p-tal glimpse case iphone 6 6s ( tri color ) : :
ixcc crystal series apple iphone 6\/6s protective slim cover case transpa ... : :
want iphone 6 sticker + clear case thing ... ofc camera quality
'm pretty sure iphone camera '' bs\ '' .
rt fbi spent $ 1.3 million hack encrypted iphone sanbernardino mass shooting info apple refused help :
pictar ultrasound camera grip gives iphone manual controls :
face swap thing iphone camera
pictar .
rt trying new iphone today , exciting !
iphone honestly sucks , good thing camera
rt hate cute :
nagcompare sya ng picture using iphone samsung 's camera capturing dead bug .
rt girls feelin snapchat *recorded bullshit ass iphone 5s camera* :
rt girls feelin snapchat *recorded bullshit ass iphone 5s camera* :
rt girls feelin snapchat *recorded bullshit ass iphone 5s camera* :
iphone 7 rumor rollup : amazing camera pictured ; showtime ... : iphone
iphone 7 rumor rollup : amazing camera pictured ; showtime ... : iphone
rt want phone : iphone 's camera samsung 's memory nokia 's battery blackberry 's secure system sony's\u2026
rt want phone : iphone 's camera samsung 's memory nokia 's battery blackberry 's secure system sony's\u2026
rt iphone se faster iphone6 & amp ; 5s , got better camera ur 5s & amp ; 6 .
rt iphone se faster iphone6 & amp ; 5s , got better camera ur 5s & amp ; 6 .
iphone se camera got wanting become ig photographer
iphone se camera got wanting become ig photographer
rt girls feelin snapchat *recorded bullshit ass iphone 5s camera* :
rt girls feelin snapchat *recorded bullshit ass iphone 5s camera* :
new post : cameranews topnews pictar iphone camera grip case hits kickstarter ( video ) :
lllsssss :
lllsssss :
rt iphone se faster iphone6 & amp ; 5s , got better camera ur 5s & amp ; 6 .
iphone camera tips :
rt girls feelin snapchat *recorded bullshit ass iphone 5s camera* :
rt girls feelin snapchat *recorded bullshit ass iphone 5s camera* :
rt iphone se faster iphone6 & amp ; 5s , got better camera ur 5s & amp ; 6 .
rt iphone se faster iphone6 & amp ; 5s , got better camera ur 5s & amp ; 6 .
front mirror white tempered glass screen protector iphone 6plus : :
front mirror white tempered glass screen protector iphone 6plus : :
rt
rt
apple iphone 5s - 16gb - gold ( factory unlocked ) smartphone : :
apple iphone 5s - 16gb - gold ( factory unlocked ) smartphone : :
rt iphone always open back camera like wtf 'm important one
rt iphone always open back camera like wtf 'm important one
iphone 7 case leaks show much larger camera lens headphone jack
apple iphone 6 - 64gb - silver ( factory unlocked ) smartphone : :
apple iphone 5s 32gb gold smartphone gsm a1533 charger\/cable : :
af !
# 8211 45 camera case click filler christmas\nplease rt : : :
# 8211 45 camera case click filler christmas\nplease rt : : :
:
:
rt :
rt :
rt want phone : iphone 's camera samsung 's memory nokia 's battery blackberry 's secure system sony's\u2026
rt want phone : iphone 's camera samsung 's memory nokia 's battery blackberry 's secure system sony's\u2026
lmfaooo :
rt want phone : iphone 's camera samsung 's memory nokia 's battery blackberry 's secure system sony's\u2026
iphone 7 plus c\u00f3 camera zoom quang h\u1ecdc :
rt want phone : iphone 's camera samsung 's memory nokia 's battery blackberry 's secure system sony's\u2026
hate iphone camera turns picture , face looking crooked retarded
rt want phone : iphone 's camera samsung 's memory nokia 's battery blackberry 's secure system sony's\u2026
hate iphone camera turns picture , face looking crooked retarded
rt want phone : iphone 's camera samsung 's memory nokia 's battery blackberry 's secure system sony's\u2026
lmfaoo :
lmfaoo :
pictar could make iphone better camera already :
pictar could make iphone better camera already :
rt girls feelin snapchat *recorded bullshit ass iphone 5s camera* :
rt girls feelin snapchat *recorded bullshit ass iphone 5s camera* :
iphone camera though..
iphone camera though..
rt backed pictar .
rt backed pictar .
rt girls feelin snapchat *recorded bullshit ass iphone 5s camera* :
rt girls feelin snapchat *recorded bullshit ass iphone 5s camera* :
rt want phone : iphone 's camera samsung 's memory nokia 's battery blackberry 's secure system sony's\u2026
rt want phone : iphone 's camera samsung 's memory nokia 's battery blackberry 's secure system sony's\u2026
rt girls feelin snapchat *recorded bullshit ass iphone 5s camera* :
rt girls feelin snapchat *recorded bullshit ass iphone 5s camera* :
rt girls feelin snapchat *recorded bullshit ass iphone 5s camera* :
rt girls feelin snapchat *recorded bullshit ass iphone 5s camera* :
shut hell bihh like 5s :
shut hell bihh like 5s :
digital cameras 2 : ( 2 pack ) iphone 5 screen protector , vinso tech premium tempered glass scree ... : accessories
digital cameras 2 : ( 2 pack ) iphone 5 screen protector , vinso tech premium tempered glass scree ... : accessories
rt girls feelin snapchat *recorded bullshit ass iphone 5s camera* :
rt girls feelin snapchat *recorded bullshit ass iphone 5s camera* :
rt want phone : iphone 's camera samsung 's memory nokia 's battery blackberry 's secure system sony's\u2026
rt want phone : iphone 's camera samsung 's memory nokia 's battery blackberry 's secure system sony's\u2026
producthunt : probably best iphone camera-grip ever built .
producthunt : probably best iphone camera-grip ever built .
rt want phone : iphone 's camera samsung 's memory nokia 's battery blackberry 's secure system sony's\u2026
rt want phone : iphone 's camera samsung 's memory nokia 's battery blackberry 's secure system sony's\u2026
elecom p-sl067gd elecom iphone android compatible smartphone camera le b011bp2rd0 4953103474352 :
elecom p-sl067gd elecom iphone android compatible smartphone camera le b011bp2rd0 4953103474352 :
producthunt : probably best iphone camera-grip ever built .
producthunt : probably best iphone camera-grip ever built .
iphone 7\u2019s dual camera ?
iphone 7\u2019s dual camera ?
rt want phone : iphone 's camera samsung 's memory nokia 's battery blackberry 's secure system sony's\u2026
rt want phone : iphone 's camera samsung 's memory nokia 's battery blackberry 's secure system sony's\u2026
rt girls feelin snapchat *recorded bullshit ass iphone 5s camera* :
rt girls feelin snapchat *recorded bullshit ass iphone 5s camera* :
iphone 6s case wants give phone dslr-quality camera :
iphone 6s case wants give phone dslr-quality camera :
samsung pero gsto ko camera ng iphone :
samsung pero gsto ko camera ng iphone :
rt want phone : iphone 's camera samsung 's memory nokia 's battery blackberry 's secure system sony's\u2026
rt want phone : iphone 's camera samsung 's memory nokia 's battery blackberry 's secure system sony's\u2026
rt want phone : iphone 's camera samsung 's memory nokia 's battery blackberry 's secure system sony's\u2026
rt want phone : iphone 's camera samsung 's memory nokia 's battery blackberry 's secure system sony's\u2026
rt iphone 6s case wants give phone dslr-quality camera :
rt iphone 6s case wants give phone dslr-quality camera :
rt want phone : iphone 's camera samsung 's memory nokia 's battery blackberry 's secure system sony's\u2026
rt want phone : iphone 's camera samsung 's memory nokia 's battery blackberry 's secure system sony's\u2026
rt want phone : iphone 's camera samsung 's memory nokia 's battery blackberry 's secure system sony's\u2026
rt want phone : iphone 's camera samsung 's memory nokia 's battery blackberry 's secure system sony's\u2026
iphone nih best sebab camera dia jer .
iphone nih best sebab camera dia jer .
rt iphone 6s case wants give phone dslr-quality camera : accessories iphone_6s
rt iphone 6s case wants give phone dslr-quality camera : accessories iphone_6s
iphone camera 's interpretation tonight 's full moon cracked clouds .
iphone camera 's interpretation tonight 's full moon cracked clouds .
rt want phone : iphone 's camera samsung 's memory nokia 's battery blackberry 's secure system sony's\u2026
rt want phone : iphone 's camera samsung 's memory nokia 's battery blackberry 's secure system sony's\u2026
rt want phone : iphone 's camera samsung 's memory nokia 's battery blackberry 's secure system sony's\u2026
rt want phone : iphone 's camera samsung 's memory nokia 's battery blackberry 's secure system sony's\u2026
rt want phone : iphone 's camera samsung 's memory nokia 's battery blackberry 's secure system sony's\u2026
rt want phone : iphone 's camera samsung 's memory nokia 's battery blackberry 's secure system sony's\u2026
julie ass really thinking iphone update night vision camera .
julie ass really thinking iphone update night vision camera .
rt want phone : iphone 's camera samsung 's memory nokia 's battery blackberry 's secure system sony's\u2026
rt want phone : iphone 's camera samsung 's memory nokia 's battery blackberry 's secure system sony's\u2026
rt want phone : iphone 's camera samsung 's memory nokia 's battery blackberry 's secure system sony's\u2026
rt :
rt :
rt want phone : iphone 's camera samsung 's memory nokia 's battery blackberry 's secure system sony's\u2026
rt want phone : iphone 's camera samsung 's memory nokia 's battery blackberry 's secure system sony's\u2026
lie :
lie :
rt want phone : iphone 's camera samsung 's memory nokia 's battery blackberry 's secure system sony's\u2026
rt want phone : iphone 's camera samsung 's memory nokia 's battery blackberry 's secure system sony's\u2026
rt want phone : iphone 's camera samsung 's memory nokia 's battery blackberry 's secure system sony's\u2026
rt want phone : iphone 's camera samsung 's memory nokia 's battery blackberry 's secure system sony's\u2026
iphone 7\u2019s dual camera ?
iphone 7\u2019s dual camera ?
enough time set camera take picture ?
enough time set camera take picture ?
probably best iphone camera-grip ever built .
probably best iphone camera-grip ever built .
rt want phone : iphone 's camera samsung 's memory nokia 's battery blackberry 's secure system sony's\u2026
rt want phone : iphone 's camera samsung 's memory nokia 's battery blackberry 's secure system sony's\u2026
rt lie :
rt lie :
rt want phone : iphone 's camera samsung 's memory nokia 's battery blackberry 's secure system sony's\u2026
rt want phone : iphone 's camera samsung 's memory nokia 's battery blackberry 's secure system sony's\u2026
rt want phone : iphone 's camera samsung 's memory nokia 's battery blackberry 's secure system sony's\u2026
rt want phone : iphone 's camera samsung 's memory nokia 's battery blackberry 's secure system sony's\u2026
rt want phone : iphone 's camera samsung 's memory nokia 's battery blackberry 's secure system sony's\u2026
rt want phone : iphone 's camera samsung 's memory nokia 's battery blackberry 's secure system sony's\u2026
rt want phone : iphone 's camera samsung 's memory nokia 's battery blackberry 's secure system sony's\u2026
rt want phone : iphone 's camera samsung 's memory nokia 's battery blackberry 's secure system sony's\u2026
rt :
rt :
friends :
friends :
rt want phone : iphone 's camera samsung 's memory nokia 's battery blackberry 's secure system sony's\u2026
rt want phone : iphone 's camera samsung 's memory nokia 's battery blackberry 's secure system sony's\u2026
rt want phone : iphone 's camera samsung 's memory nokia 's battery blackberry 's secure system sony's\u2026
rt want phone : iphone 's camera samsung 's memory nokia 's battery blackberry 's secure system sony's\u2026
rt want phone : iphone 's camera samsung 's memory nokia 's battery blackberry 's secure system sony's\u2026
rt want phone : iphone 's camera samsung 's memory nokia 's battery blackberry 's secure system sony's\u2026
canon !
canon !
xiaomi , huawei manufacturers feeling heat apple iphone se :
xiaomi , huawei manufacturers feeling heat apple iphone se :
rt want phone : iphone 's camera samsung 's memory nokia 's battery blackberry 's secure system sony's\u2026
rt want phone : iphone 's camera samsung 's memory nokia 's battery blackberry 's secure system sony's\u2026
sqfav0rs : ftl iphone style + iph camera ( 5k ) tampilan hp android kamu jadi keren kayak iphone !
sqfav0rs : ftl iphone style + iph camera ( 5k ) tampilan hp android kamu jadi keren kayak iphone !
sqfav0rs : ftl iphone style + iph camera ( 5k ) tampilan hp android kamu jadi keren kayak iphone !
sqfav0rs : ftl iphone style + iph camera ( 5k ) tampilan hp android kamu jadi keren kayak iphone !
ask_erpe ask iphone style + iph camera ( 5k ) tampilan hp android kamu jadi keren kayak iphone !
ask_erpe ask iphone style + iph camera ( 5k ) tampilan hp android kamu jadi keren kayak iphone !
playrpe : tl iphone style + iph camera ( 5k ) tampilan hp android kamu jadi keren kayak iphone !
playrpe : tl iphone style + iph camera ( 5k ) tampilan hp android kamu jadi keren kayak iphone !
ftl iphone style + iph camera ( 5k ) tampilan hp android kamu jadi keren kayak iphone !
ftl iphone style + iph camera ( 5k ) tampilan hp android kamu jadi keren kayak iphone !
ftl iphone style + iph camera ( 5k ) tampilan hp android kamu jadi keren kayak iphone !
ftl iphone style + iph camera ( 5k ) tampilan hp android kamu jadi keren kayak iphone !
ftl iphone style + iph camera ( 5k ) tampilan hp android kamu jadi keren kayak iphone !
ftl iphone style + iph camera ( 5k ) tampilan hp android kamu jadi keren kayak iphone !
rt use snapchat camera iphone camera tbh
rt use snapchat camera iphone camera tbh
playrpe tl iphone style + iph camera ( 5k ) tampilan hp android kamu jadi keren kayak iphone !
playrpe tl iphone style + iph camera ( 5k ) tampilan hp android kamu jadi keren kayak iphone !
rt want phone : iphone 's camera samsung 's memory nokia 's battery blackberry 's secure system sony's\u2026
rt want phone : iphone 's camera samsung 's memory nokia 's battery blackberry 's secure system sony's\u2026
sqfav0rs : ftl iphone style + iph camera ( 5k ) tampilan hp android kamu jadi keren kayak iphone !
sqfav0rs : ftl iphone style + iph camera ( 5k ) tampilan hp android kamu jadi keren kayak iphone !
rt want phone : iphone 's camera samsung 's memory nokia 's battery blackberry 's secure system sony's\u2026
rt want phone : iphone 's camera samsung 's memory nokia 's battery blackberry 's secure system sony's\u2026
rt want phone : iphone 's camera samsung 's memory nokia 's battery blackberry 's secure system sony's\u2026
rt want phone : iphone 's camera samsung 's memory nokia 's battery blackberry 's secure system sony's\u2026
ftl iphone style + iph camera ( 5k ) tampilan hp android kamu jadi keren kayak iphone !
ftl iphone style + iph camera ( 5k ) tampilan hp android kamu jadi keren kayak iphone !
ftl iphone style + iph camera ( 5k ) tampilan hp android kamu jadi keren kayak iphone !
ftl iphone style + iph camera ( 5k ) tampilan hp android kamu jadi keren kayak iphone !
rt ftl iphone style + iph camera ( 5k ) tampilan hp android kamu jadi keren kayak iphone !
rt ftl iphone style + iph camera ( 5k ) tampilan hp android kamu jadi keren kayak iphone !
rt want phone : iphone 's camera samsung 's memory nokia 's battery blackberry 's secure system sony's\u2026
rt want phone : iphone 's camera samsung 's memory nokia 's battery blackberry 's secure system sony's\u2026
rt ftl iphone style + iph camera ( 5k ) tampilan hp android kamu jadi keren kayak iphone !
rt ftl iphone style + iph camera ( 5k ) tampilan hp android kamu jadi keren kayak iphone !
ask_erpe : ask iphone style + iph camera ( 5k ) tampilan hp android kamu jadi keren kayak iphone !
ask_erpe : ask iphone style + iph camera ( 5k ) tampilan hp android kamu jadi keren kayak iphone !
rt want phone : iphone 's camera samsung 's memory nokia 's battery blackberry 's secure system sony's\u2026
ask_erpe : ask iphone style + iph camera ( 5k ) tampilan hp android kamu jadi keren kayak iphone !
rt want phone : iphone 's camera samsung 's memory nokia 's battery blackberry 's secure system sony's\u2026
ask_erpe : ask iphone style + iph camera ( 5k ) tampilan hp android kamu jadi keren kayak iphone !
rt want phone : iphone 's camera samsung 's memory nokia 's battery blackberry 's secure system sony's\u2026
rt want phone : iphone 's camera samsung 's memory nokia 's battery blackberry 's secure system sony's\u2026
playrpe : tl iphone style + iph camera ( 5k ) tampilan hp android kamu jadi keren kayak iphone !
playrpe : tl iphone style + iph camera ( 5k ) tampilan hp android kamu jadi keren kayak iphone !
ftl iphone style + iph camera ( 5k ) tampilan hp android kamu jadi keren kayak iphone !
ftl iphone style + iph camera ( 5k ) tampilan hp android kamu jadi keren kayak iphone !
rt want phone : iphone 's camera samsung 's memory nokia 's battery blackberry 's secure system sony's\u2026
rt want phone : iphone 's camera samsung 's memory nokia 's battery blackberry 's secure system sony's\u2026
sqfav0rs : ftl iphone style + iph camera ( 5k ) tampilan hp android kamu jadi keren kayak iphone !
sqfav0rs : ftl iphone style + iph camera ( 5k ) tampilan hp android kamu jadi keren kayak iphone !
ftl iphone style + iph camera ( 5k ) tampilan hp android kamu jadi keren kayak iphone !
ftl iphone style + iph camera ( 5k ) tampilan hp android kamu jadi keren kayak iphone !
ask_erpe : ask iphone style + iph camera ( 5k ) tampilan hp android kamu jadi keren kayak iphone !
ask_erpe : ask iphone style + iph camera ( 5k ) tampilan hp android kamu jadi keren kayak iphone !
rt want phone : iphone 's camera samsung 's memory nokia 's battery blackberry 's secure system sony's\u2026
big bright full moon tonight\n [ iphone camera 60mm refractor ] :
rt want phone : iphone 's camera samsung 's memory nokia 's battery blackberry 's secure system sony's\u2026
big bright full moon tonight\n [ iphone camera 60mm refractor ] :
tl iphone style + iph camera ( 5k ) tampilan hp android kamu jadi keren kayak iphone !
tl iphone style + iph camera ( 5k ) tampilan hp android kamu jadi keren kayak iphone !
rt lmao yeppppp :
rt lmao yeppppp :
rt want phone : iphone 's camera samsung 's memory nokia 's battery blackberry 's secure system sony's\u2026
ask_erpe : ask iphone style + iph camera ( 5k ) tampilan hp android kamu jadi keren kayak iphone !
rt want phone : iphone 's camera samsung 's memory nokia 's battery blackberry 's secure system sony's\u2026
ask_erpe : ask iphone style + iph camera ( 5k ) tampilan hp android kamu jadi keren kayak iphone !
rt want phone : iphone 's camera samsung 's memory nokia 's battery blackberry 's secure system sony's\u2026
rt want phone : iphone 's camera samsung 's memory nokia 's battery blackberry 's secure system sony's\u2026
ftl iphone style + iph camera ( 5k ) tampilan hp android kamu jadi keren kayak iphone !
rt want phone : iphone 's camera samsung 's memory nokia 's battery blackberry 's secure system sony's\u2026
rt want phone : iphone 's camera samsung 's memory nokia 's battery blackberry 's secure system sony's\u2026
rt want phone : iphone 's camera samsung 's memory nokia 's battery blackberry 's secure system sony's\u2026
rt want phone : iphone 's camera samsung 's memory nokia 's battery blackberry 's secure system sony's\u2026
rt want phone : iphone 's camera samsung 's memory nokia 's battery blackberry 's secure system sony's\u2026
ask_erpe : ask iphone style + iph camera ( 5k ) tampilan hp android kamu jadi keren kayak iphone !
ask_erpe : ask iphone style + iph camera ( 5k ) tampilan hp android kamu jadi keren kayak iphone !
rt want phone : iphone 's camera samsung 's memory nokia 's battery blackberry 's secure system sony's\u2026
rt want phone : iphone 's camera samsung 's memory nokia 's battery blackberry 's secure system sony's\u2026
rt want phone : iphone 's camera samsung 's memory nokia 's battery blackberry 's secure system sony's\u2026
rt want phone : iphone 's camera samsung 's memory nokia 's battery blackberry 's secure system sony's\u2026
rt want phone : iphone 's camera samsung 's memory nokia 's battery blackberry 's secure system sony's\u2026
perfectooo\ud83d\udc4c :
perfectooo\ud83d\udc4c :
rt want phone : iphone 's camera samsung 's memory nokia 's battery blackberry 's secure system sony's\u2026
rt want phone : iphone 's camera samsung 's memory nokia 's battery blackberry 's secure system sony's\u2026
